timestamp,image_idx,latitude,longitude,altitude
06-38-53-000,3000,17.517381537913217,78.20531214150185,490.6557541236803
03-26-07-000,3001,17.462044825613397,78.42934064278923,490.9250963749373
05-57-53-000,3002,17.53279930322145,78.17658767155476,492.71197920647586
19-47-50-000,3003,17.361922707088738,78.43774657040935,490.81456971016127
09-42-38-000,3004,17.345319835287277,78.43740077159751,488.2809489274407
18-27-05-000,3005,17.441544499976,78.44493793433283,492.5761165761505
15-11-59-000,3006,17.360056113692814,78.44727621557027,489.86613192892855
12-01-26-000,3007,17.45830792017469,78.33566242965989,487.8546465856763
09-46-59-000,3008,17.52228375128701,78.28781384485298,492.6753525740857
22-20-45-000,3009,17.455300361582406,78.34356014679824,487.36213116760086
18-55-06-000,3010,17.448165154624622,78.4379979821246,492.0989013371361
04-17-21-000,3011,17.52949947152921,78.34198223029571,490.06902522917596
16-04-36-000,3012,17.510776538082045,78.26864818777477,493.9426707686601
13-42-42-000,3013,17.499560069957,78.26870021306271,490.97875631371807
05-55-40-000,3014,17.461723520278863,78.46177056962303,492.6968463936109
03-34-23-000,3015,17.51771947055836,78.37357366933918,489.4892910132486
03-57-05-000,3016,17.55739282365701,78.35402657454715,490.8709959131808
08-28-20-000,3017,17.457415636314867,78.33877090316395,490.94872188318453
16-16-01-000,3018,17.500569705036135,78.289933022978,492.7566999302751
19-17-53-000,3019,17.507420202777265,78.38013169942862,490.47647352952487
21-19-05-000,3020,17.546193707495444,78.34076156219051,486.55644969572757
21-33-35-000,3021,17.548020718762167,78.37397056193713,492.2243072518792
16-36-31-000,3022,17.45508016190316,78.438219643015,488.29794756297565
23-40-21-000,3023,17.452115761328013,78.3230884087234,487.110457664928
08-03-11-000,3024,17.53436323247817,78.16911752880915,486.4179246172231
09-10-50-000,3025,17.465863573794312,78.31413643005926,489.803727107762
17-50-32-000,3026,17.35092331452926,78.47088306088408,492.16654143704625
05-22-43-000,3027,17.545406061521163,78.37458419551106,492.7500591797029
18-10-24-000,3028,17.46112492640969,78.4328138126167,489.57089092791574
13-05-03-000,3029,17.449935877825883,78.32350439728438,485.7329196293994
08-58-00-000,3030,17.50898842735464,78.1934017450873,495.021720784118
07-03-52-000,3031,17.533860131676185,78.18154181924886,483.4531347497882
09-28-20-000,3032,17.51547719709177,78.18117029698323,491.76443920174006
05-00-53-000,3033,17.460298449290935,78.34994088157165,489.2132511490957
16-17-47-000,3034,17.35423791966345,78.45254488080984,493.94558167491135
17-42-21-000,3035,17.357173015518406,78.44381786071051,492.5899053331345
10-56-53-000,3036,17.46822973102782,78.34538368544602,490.0698030489221
09-33-10-000,3037,17.545994001203507,78.3494922935097,494.0856653313971
02-32-43-000,3038,17.45400737753321,78.32659271584916,490.25869122026546
08-23-27-000,3039,17.453970381793756,78.43951699058915,488.44904215806054
13-52-52-000,3040,17.522765055093217,78.16148744046731,489.19372347732866
08-44-47-000,3041,17.354323918013,78.46142663035907,489.86337400993835
04-05-22-000,3042,17.46992904038595,78.31845510073269,488.73931281682445
20-40-20-000,3043,17.525786312596022,78.28138852688545,492.0863920898905
21-47-08-000,3044,17.53560914917245,78.36353900677607,493.4323123966429
17-31-34-000,3045,17.331608300423536,78.46923268971422,486.1686976839869
10-58-52-000,3046,17.46506729882158,78.45693760539667,487.5984435407022
12-58-16-000,3047,17.46187796689562,78.33186982938926,489.8691708808945
02-33-04-000,3048,17.445953170894807,78.446862714095,487.96670552668314
18-49-51-000,3049,17.4990645441445,78.27270502390942,491.72096183000644
01-49-16-000,3050,17.524865523500235,78.35429783297216,494.50318447869046
05-19-31-000,3051,17.467683917056537,78.32796883910584,491.61583523281985
12-12-52-000,3052,17.526070331262265,78.18463224266455,490.16634888408447
21-35-06-000,3053,17.34874156994689,78.44053402731478,488.6784923184951
03-24-44-000,3054,17.53859512360872,78.35635448158914,485.6866500398628
16-06-17-000,3055,17.533258176193243,78.17536773850718,493.8170428680174
08-18-33-000,3056,17.541920549250797,78.36407772308846,491.8974042416708
04-49-00-000,3057,17.44927954962403,78.44296214389296,491.52581500896156
04-27-06-000,3058,17.33536435447247,78.47447344790847,492.2150108148427
19-48-03-000,3059,17.460111398938054,78.36125623770938,489.5310788620927
10-47-12-000,3060,17.534799324188214,78.19200263781805,492.7946168331515
10-38-11-000,3061,17.542201752007756,78.35082566461611,496.9918828545965
21-59-29-000,3062,17.346871038806928,78.44715446365927,487.9452177665807
01-08-03-000,3063,17.466459614355944,78.335923021128,488.17663222552454
05-24-37-000,3064,17.352297735867026,78.46763195859064,490.36579842860897
12-11-39-000,3065,17.507530006428954,78.26852218668495,490.86041957766923
12-00-20-000,3066,17.530641201636815,78.36833075953002,493.4417400269649
18-04-22-000,3067,17.34286944030869,78.44732126325027,491.6183039618385
15-54-17-000,3068,17.516676198058306,78.26692929794612,491.1289789184735
23-19-18-000,3069,17.522240672876265,78.17063189424051,487.9420892891935
19-27-43-000,3070,17.504665473429792,78.28822278145248,486.85316156827116
07-15-58-000,3071,17.33108192631989,78.44329440633781,490.6146469386759
00-14-30-000,3072,17.51146064449628,78.26746232483116,487.9019068839303
10-06-43-000,3073,17.532369824244288,78.35804501169555,491.7015246856224
12-54-46-000,3074,17.535330733448756,78.19383555177312,494.27916984342863
15-59-04-000,3075,17.465434371400317,78.32665846512486,496.6715865793337
22-48-15-000,3076,17.537981117749283,78.34849177708726,494.46898654421034
00-00-27-000,3077,17.536500526424103,78.36374314195324,487.13432419323607
06-35-04-000,3078,17.465451902320545,78.36068745014767,488.8338428052187
07-55-08-000,3079,17.525261391374908,78.17239210410818,494.7449022304927
20-24-25-000,3080,17.518145129543395,78.16072045635065,489.66648847121456
08-23-40-000,3081,17.52139790724037,78.16895082426431,490.9559821308707
04-44-51-000,3082,17.36230031168015,78.44264551590088,489.75731107029674
00-57-17-000,3083,17.48864600560481,78.43719195343505,492.16177179911773
13-13-57-000,3084,17.501108259411644,78.27152477250725,488.6806965680261
01-29-58-000,3085,17.532184801580645,78.16322421948131,489.399592663517
22-48-39-000,3086,17.441129618002027,78.44626249429463,490.8033704032227
03-34-51-000,3087,17.526537274223355,78.36304799676921,491.23893754714055
04-06-52-000,3088,17.449618221178074,78.43941087111085,490.49696539486905
14-16-53-000,3089,17.537687632328748,78.35689660222266,494.4157025487476
09-22-44-000,3090,17.460887223178712,78.3250863172519,490.5889581184551
01-31-09-000,3091,17.455881248281194,78.44053567175375,491.91289511061655
01-59-28-000,3092,17.44628194224392,78.3347194624635,493.0057997760153
21-53-07-000,3093,17.52107079879856,78.16954156062235,491.32408068968425
12-34-38-000,3094,17.52969490187476,78.1660409971615,489.8352267384339
06-27-26-000,3095,17.530047194088883,78.27066274773331,487.0881006233811
22-09-02-000,3096,17.35235909358097,78.46136719171348,486.09690966297666
00-53-15-000,3097,17.525612454010695,78.17889357359816,488.8724885186054
17-08-21-000,3098,17.55225727125406,78.36631663219802,488.74207387338816
10-17-58-000,3099,17.537373220879886,78.16434212839229,493.1548221868841
16-52-31-000,3100,17.53750631943728,78.1711428312297,491.21038032022994
04-55-50-000,3101,17.45780161118411,78.3566311404981,492.48802555632506
13-35-02-000,3102,17.501138096521277,78.1815058301949,492.47730883121875
09-09-28-000,3103,17.526458060827377,78.17113590167318,489.02271705964637
11-01-10-000,3104,17.458557539970208,78.34222500983499,488.14280493764875
06-27-12-000,3105,17.457160590634583,78.3537477072907,491.398436035897
23-58-23-000,3106,17.544383473583622,78.38084670951902,490.79002237367575
17-53-08-000,3107,17.536719403802106,78.34769535185713,490.5384041648243
01-00-04-000,3108,17.521608251581533,78.27239695202806,487.6172251936566
20-10-24-000,3109,17.469300763625014,78.44227068046413,488.70471438470275
05-57-09-000,3110,17.35584219842988,78.44587076530301,486.3632050412508
16-04-55-000,3111,17.448753453655144,78.3390115658599,493.4646582097685
15-15-36-000,3112,17.46300355758251,78.42854226127594,490.7147271518549
13-07-30-000,3113,17.460015560241075,78.44008403511877,488.9362760306641
19-58-11-000,3114,17.459464606412602,78.42719273144084,495.68782218664336
13-43-32-000,3115,17.448868620457333,78.34751920801565,492.7173057404903
19-15-35-000,3116,17.364892302240996,78.45604921698423,489.52815174611004
11-30-56-000,3117,17.525925456780797,78.37390693284749,491.94354268560187
17-43-30-000,3118,17.455388181390596,78.44878749982448,489.620541527636
16-30-05-000,3119,17.514829811032467,78.28651166653513,488.9313911230229
13-08-45-000,3120,17.471205982526108,78.32990601478366,483.1634477355998
13-03-53-000,3121,17.510859485545293,78.28234039377331,495.2937503458576
13-12-03-000,3122,17.53005187848296,78.25594434778971,490.6827311768913
13-48-22-000,3123,17.465442838369423,78.45547803089855,490.6029555311421
00-48-07-000,3124,17.532285838270404,78.18127099845131,487.31061297974804
14-57-02-000,3125,17.52427454111646,78.29097005257378,489.18160866378906
23-46-32-000,3126,17.4589616393854,78.32890348600056,488.6428996132141
02-26-52-000,3127,17.527487593902904,78.18890558842705,489.8953273649445
17-03-04-000,3128,17.516256321289887,78.29086868338943,486.44231381947236
02-49-44-000,3129,17.445677803435526,78.46763043209495,489.82652381812534
10-40-35-000,3130,17.454769176381863,78.31265789432626,492.596109615562
16-01-28-000,3131,17.503404476646338,78.16273745025053,492.083783605753
22-44-50-000,3132,17.46125856864068,78.43194920378811,490.23051778498575
09-37-48-000,3133,17.52153419929389,78.16334493121157,487.6000994254642
03-06-16-000,3134,17.348086736160358,78.45157054598724,484.90150311942443
12-29-13-000,3135,17.47667516238101,78.46018909949323,489.7314905305318
20-05-58-000,3136,17.503557789369662,78.2702799494148,487.9196181190018
13-19-30-000,3137,17.465566127298953,78.3254263127213,488.7421747450098
18-18-46-000,3138,17.35509150133256,78.45069302361429,491.2539887079672
18-20-54-000,3139,17.44187639714151,78.34275067726445,488.64148274843905
11-47-28-000,3140,17.50581766294405,78.1902536456767,494.43181273943804
10-05-23-000,3141,17.441630738633183,78.4325390500864,491.8297630175262
13-07-09-000,3142,17.33323254643285,78.46741914578128,490.5172644630501
18-43-02-000,3143,17.53208661082195,78.36106450512845,489.0373331361029
15-06-22-000,3144,17.520464644557748,78.29259336125777,490.8149049981644
10-52-44-000,3145,17.488538109972826,78.44315778566592,491.6242955795405
18-52-29-000,3146,17.446441433627957,78.33667370051704,492.37799603715246
07-02-34-000,3147,17.47375832103802,78.31724634287872,492.4814350606983
08-44-35-000,3148,17.347322569682074,78.44510840325405,489.78456776819723
04-37-11-000,3149,17.344102723745753,78.46096040024797,490.59654294600165
04-44-08-000,3150,17.46004701270064,78.45028990139552,487.7980154824837
11-45-46-000,3151,17.52603714006454,78.36399987947726,490.9810241285285
10-29-28-000,3152,17.534326172972754,78.37006217944727,488.7866083460205
01-59-40-000,3153,17.471785845634436,78.44572952084373,489.76571891652645
23-08-24-000,3154,17.504175023073458,78.26601850435546,486.5290736480051
03-20-43-000,3155,17.516479197913593,78.17666482747845,488.55513630640735
12-18-57-000,3156,17.353880755634922,78.45911059584748,486.11829026245243
23-38-24-000,3157,17.4520653838465,78.334612263217,491.33511607207464
12-34-26-000,3158,17.45116581054646,78.436844867316,493.9874296154661
08-07-55-000,3159,17.51882481025412,78.27682454269548,487.531816776687
09-31-44-000,3160,17.464399689970712,78.45677880999668,490.385815259827
14-28-30-000,3161,17.45765252550098,78.45602414397719,493.29765189170485
20-38-24-000,3162,17.461184580385712,78.34483428042998,488.66622890252216
03-18-37-000,3163,17.53742522374594,78.3533438440028,490.6894776256661
10-27-11-000,3164,17.525699801381354,78.17081297358017,489.10741301993215
14-14-44-000,3165,17.461352203788916,78.33565086082707,487.2758251232417
13-23-29-000,3166,17.463921008044192,78.345209275864,491.3841557522469
07-36-14-000,3167,17.33432054215991,78.43553328725896,489.7616866117642
11-05-25-000,3168,17.462911752239265,78.32467267986524,489.6535294136135
22-43-09-000,3169,17.448030262418488,78.3349287623437,490.39541496169034
04-05-04-000,3170,17.52556150182546,78.18436111921108,488.32819975936354
16-54-17-000,3171,17.52137937397196,78.16624605093605,491.5046865297147
10-49-21-000,3172,17.360294527055384,78.4576026606282,487.84735887108127
15-21-36-000,3173,17.52285159164143,78.19083180092589,488.40267838449125
18-49-42-000,3174,17.3401631003701,78.44471417276112,490.6632613490032
15-08-13-000,3175,17.44356026423857,78.34210296582852,492.5068514778202
01-17-17-000,3176,17.501053328237322,78.27426457604125,488.96125287979714
08-55-53-000,3177,17.557439880840153,78.34632961791162,489.1514876160729
07-09-21-000,3178,17.33349822495181,78.4465489981562,490.1606333837619
21-22-34-000,3179,17.52696999686764,78.17018722130003,491.7917472142837
14-57-20-000,3180,17.499358618104417,78.28638434566983,489.7956957253952
19-08-09-000,3181,17.513204525131304,78.28275807585852,494.62941663552283
15-50-00-000,3182,17.477963982850405,78.32725252068983,496.3213688702816
07-24-26-000,3183,17.51866857680138,78.17134428834424,491.1997959764572
11-43-13-000,3184,17.546865283522916,78.36217692945502,493.1702604677583
19-26-21-000,3185,17.44674807544129,78.35081870848718,492.7327173475984
14-12-55-000,3186,17.451549964819087,78.34005337617945,489.149827805812
07-36-54-000,3187,17.449060814850387,78.34551804823548,491.95611222609983
13-38-45-000,3188,17.35718989859254,78.45685436997645,490.71572138665414
12-21-56-000,3189,17.354368817220063,78.44317341920656,492.13085100378856
13-11-39-000,3190,17.503290536363842,78.2696878637051,492.48473172862924
21-25-41-000,3191,17.522211732423777,78.2887850391838,489.3735316486634
05-00-08-000,3192,17.514317875893745,78.26339182113816,487.5686757589892
21-52-18-000,3193,17.510154769480806,78.17200158681572,492.2287487403668
14-46-39-000,3194,17.53383922398865,78.35358306908941,493.48672896732137
18-40-13-000,3195,17.457064691114084,78.34224439276316,487.97013305890874
20-04-27-000,3196,17.54988316558086,78.35106017467172,490.18715531408037
00-48-01-000,3197,17.535835454369412,78.18076352457558,490.31524124317366
15-16-19-000,3198,17.533145730600634,78.16235173980806,488.2501675321728
17-32-30-000,3199,17.447087172632234,78.44137721576215,493.82059418496874
21-08-29-000,3200,17.339698534417078,78.44401007021483,493.32833737577835
19-56-28-000,3201,17.52294643936382,78.37107739948841,487.1902035749953
14-27-31-000,3202,17.360198541785966,78.4493320037817,489.07505627537404
21-25-05-000,3203,17.52053646940912,78.1768407672833,499.61153813819186
08-16-54-000,3204,17.46306195754461,78.31422575135298,490.2288898465979
15-57-53-000,3205,17.547933284778804,78.36680515404883,490.04658447884617
08-44-20-000,3206,17.5228797865921,78.28071797281284,490.2522199637725
13-55-02-000,3207,17.45847072870169,78.44965751429041,493.74130002227616
11-26-36-000,3208,17.4573426822714,78.4518329591741,490.19341969160433
19-04-33-000,3209,17.45724552279408,78.31989554056008,489.93608512055084
12-52-11-000,3210,17.32992534143389,78.45868464209033,488.72533310731484
05-36-47-000,3211,17.545160547620412,78.36604035649498,489.52927767950086
02-04-20-000,3212,17.55570220201188,78.36910483927319,489.25281879709985
00-10-24-000,3213,17.537096904062683,78.35521145900651,489.064633909958
00-50-46-000,3214,17.524376841651755,78.17884183138706,494.692483129769
10-41-27-000,3215,17.35648911903783,78.45344665136888,490.3483913420567
01-15-20-000,3216,17.453103306533,78.4360772898793,488.6641389810485
08-44-03-000,3217,17.470461210923894,78.4507885254923,485.33114885902944
13-33-07-000,3218,17.54267036053653,78.16854228520599,491.25268028827935
07-09-25-000,3219,17.359270822674144,78.44593928185986,491.8395659436955
04-57-12-000,3220,17.524371908577855,78.28686222164927,489.2032608134872
14-32-57-000,3221,17.458225557882216,78.31753961814385,494.61180119483157
15-33-09-000,3222,17.334259467870382,78.46272840762336,491.2022029781937
19-51-52-000,3223,17.55265689443632,78.34814295414776,489.1694972061965
09-50-42-000,3224,17.51720570803838,78.16113357154642,489.865497755621
14-06-16-000,3225,17.33514704615802,78.45672239500739,489.22532688707804
23-44-50-000,3226,17.532722858369123,78.3602801904868,492.79068867237464
01-44-35-000,3227,17.447333457264104,78.3390467130357,487.913460017741
04-08-19-000,3228,17.454261531470284,78.33332404407066,490.90929703947626
09-54-29-000,3229,17.43074761143415,78.44353013246219,488.99966873949637
11-20-41-000,3230,17.353212776563385,78.46524130856717,493.0431583688307
11-46-27-000,3231,17.45566320089558,78.43054143551043,494.5411332937972
08-03-03-000,3232,17.4571772801583,78.45669889043212,495.2981142333541
10-03-16-000,3233,17.54372850520967,78.35258365511851,492.07106154512854
15-52-00-000,3234,17.54809746844211,78.37026010992616,488.7929248879991
02-18-47-000,3235,17.470431230847776,78.43198484022247,491.2682938788116
05-47-24-000,3236,17.554424418095724,78.36516750560588,486.7409008356053
12-43-38-000,3237,17.455103985255647,78.33983448276084,487.58981465181114
10-40-28-000,3238,17.330871237841396,78.44717507350275,494.188649811116
15-33-39-000,3239,17.44935673475036,78.45269167933984,487.77199781349873
15-39-48-000,3240,17.516790530715895,78.19288577231443,491.53676214226135
00-19-04-000,3241,17.531987075231196,78.16078538304774,488.6012791851899
19-00-40-000,3242,17.358172149245622,78.43531663326542,489.7069029260168
02-49-30-000,3243,17.34644042811602,78.4568808833757,490.7269149384468
20-47-40-000,3244,17.346834977604765,78.43895061761582,490.881486223217
15-45-08-000,3245,17.529567025499546,78.16823925273718,488.8553820842068
03-50-14-000,3246,17.548733483140282,78.35883128789844,486.02438495128973
23-13-49-000,3247,17.545215962733156,78.35137089384627,491.4159945312219
23-00-01-000,3248,17.451356113740168,78.45905522248827,491.2988211812109
13-12-14-000,3249,17.471154372538766,78.45689390465023,491.92154538434863
20-56-20-000,3250,17.540230839374132,78.18155464208215,490.3251921606158
00-50-07-000,3251,17.523327474473415,78.29522450062224,488.51751011455536
16-23-08-000,3252,17.53607075243045,78.18266483494375,489.55294001055665
07-33-49-000,3253,17.521516379888862,78.1534775878739,485.6548432413071
10-24-13-000,3254,17.533007551197276,78.36701392587777,486.3601904563071
22-56-17-000,3255,17.540342804879224,78.34548040136282,493.4561728931108
04-39-30-000,3256,17.522261559155215,78.26728849374548,489.6072460528502
12-00-25-000,3257,17.519625559146146,78.18013231543381,489.47734193506454
03-54-35-000,3258,17.53163438263092,78.35666171253679,486.1655655241183
22-31-57-000,3259,17.505134739477363,78.27639334904727,491.19885243363325
09-42-51-000,3260,17.538853357536667,78.17548121256795,489.6866853696931
08-45-29-000,3261,17.531666979654062,78.1757100660926,486.95387212330644
06-03-31-000,3262,17.53327058783912,78.36167709166415,487.84232210402604
09-16-11-000,3263,17.478566248472017,78.31914956181102,488.9318216793591
17-08-55-000,3264,17.352290706758048,78.43696820235338,487.89390641690767
01-41-14-000,3265,17.46024035452612,78.31837601969072,488.8735414104069
11-33-00-000,3266,17.54535378742368,78.33487534074884,486.29264643964007
22-22-41-000,3267,17.35181851011203,78.43448740169838,493.5786670097639
08-32-37-000,3268,17.529894014175422,78.28277374141838,485.92174654092685
22-08-33-000,3269,17.532382206836175,78.36206098116583,493.4291835896594
22-30-11-000,3270,17.51920156185125,78.27826655875926,492.43159230795777
03-15-27-000,3271,17.541152114125968,78.16654887370066,488.1205008312793
08-58-45-000,3272,17.47838806932012,78.35821903635323,491.36459003760586
01-48-28-000,3273,17.449784816549066,78.33274983612445,488.60410911007335
20-21-23-000,3274,17.559776070782878,78.35520186687006,490.91089482186317
08-05-32-000,3275,17.337360323215513,78.42750886680385,492.6562583997366
17-07-09-000,3276,17.531511937229432,78.16839510712343,484.45977683193354
15-39-18-000,3277,17.339298519956767,78.44511253640508,491.0628049482377
20-02-40-000,3278,17.509261137282234,78.28340411773195,489.70474672582026
13-29-49-000,3279,17.54071950750781,78.18166229324007,491.2394579124554
18-23-38-000,3280,17.45063543897892,78.3343555549958,483.90294212039885
00-13-38-000,3281,17.342367982616498,78.44022067678219,491.0037844075082
10-00-49-000,3282,17.462273004710454,78.33321530926649,491.0542298729455
09-41-54-000,3283,17.554246780220353,78.34626025303747,488.6031071145422
23-34-00-000,3284,17.456784371261683,78.4450719854603,490.37350207864176
04-34-35-000,3285,17.549302288601332,78.18879100791247,486.0796000410448
11-48-08-000,3286,17.338238341335018,78.44637745911815,489.67032086505606
22-47-49-000,3287,17.540413102511167,78.36202356286398,488.12406521414954
04-58-26-000,3288,17.54170124800299,78.36908048721456,487.5988894065984
19-09-29-000,3289,17.472735333017212,78.34382592339838,497.9502084883743
10-45-08-000,3290,17.345074655141097,78.45002148909595,493.06439910681087
10-53-01-000,3291,17.53643811785116,78.32169094002121,491.98278787414944
20-23-47-000,3292,17.45854127645012,78.44660324547571,490.2408587368777
20-38-10-000,3293,17.50085398496122,78.25754987912661,493.5545550467581
20-32-54-000,3294,17.564246874512705,78.3617142157377,492.6833759859216
15-14-16-000,3295,17.524442553392877,78.27575075811585,487.72388148198553
09-06-24-000,3296,17.353425328499284,78.47268912314864,487.0307862498126
18-58-44-000,3297,17.35516931996588,78.46117090721904,489.5541958789931
16-27-24-000,3298,17.4568285320309,78.32344442944775,489.1188820640512
00-27-47-000,3299,17.364494329492935,78.4488020960252,488.9423960866197
10-59-26-000,3300,17.514454811537735,78.24426168202045,490.0223694572805
03-31-17-000,3301,17.53863010887877,78.1707771644677,493.5539884937838
17-24-43-000,3302,17.323456393325394,78.44302411317246,492.945672703235
10-58-42-000,3303,17.543525590992324,78.35839045944154,487.62647445239617
16-48-35-000,3304,17.517286956754763,78.2802196663815,485.41309665877736
20-53-52-000,3305,17.34705863200291,78.45624678791091,489.34011842368994
03-32-34-000,3306,17.535937350218973,78.15567104018345,488.07828047471145
08-09-39-000,3307,17.537744025731506,78.3635435440583,491.1621049439131
14-25-03-000,3308,17.35052669447865,78.45508742424519,490.99901888908124
10-13-38-000,3309,17.441774343991355,78.4472343967392,492.3562151488172
20-01-10-000,3310,17.468475400092398,78.31182935327999,492.30138949345286
04-51-11-000,3311,17.343804246391016,78.43436723857837,495.0145212913441
18-04-51-000,3312,17.49785566097985,78.27998794164262,492.17753582653717
23-08-52-000,3313,17.440044802481665,78.34639397419225,490.6817182979826
14-42-20-000,3314,17.457981935110883,78.44804178203366,496.22684345458595
15-44-36-000,3315,17.533427993820485,78.28878175232744,491.1012934329741
09-00-41-000,3316,17.460041465613003,78.43948669209293,490.8557537651475
15-02-11-000,3317,17.434299860042813,78.36287962048627,492.3227966919237
09-54-35-000,3318,17.351955619222323,78.45988577474557,485.8263976353745
07-52-32-000,3319,17.519310834291193,78.27280065870532,488.1534247635508
05-29-10-000,3320,17.5284168853293,78.17147573254246,494.94551129682526
11-30-04-000,3321,17.52215685588485,78.15577274429363,485.68000596122147
23-20-14-000,3322,17.529915532484303,78.28041097513331,487.1783556339888
03-52-58-000,3323,17.50135323219266,78.26791036725395,487.62188809303507
04-32-38-000,3324,17.442703232511104,78.3270959226284,491.50712674645035
15-34-49-000,3325,17.465594523160103,78.32911166514442,490.8760152339006
20-43-24-000,3326,17.535649869066887,78.35193053364779,489.69524426605216
16-01-33-000,3327,17.354614033733142,78.4466290535985,493.6106934136082
07-21-15-000,3328,17.542889384426687,78.35939943405678,492.13446375737476
08-48-36-000,3329,17.564876191348965,78.3621865511918,488.29908424194423
07-55-14-000,3330,17.350556285667686,78.44917370423276,487.64127683504466
07-19-28-000,3331,17.5395703128723,78.35023258809127,489.4439388131887
07-07-43-000,3332,17.516838067400386,78.1772526639942,492.107281478756
01-06-43-000,3333,17.540497211565008,78.35471788835471,489.7735097373596
11-35-15-000,3334,17.547125949116516,78.35749189865585,487.16206463169226
23-59-38-000,3335,17.468318548914457,78.33220295952246,487.94663896152656
21-32-55-000,3336,17.461067768099642,78.43559757114765,495.4098072136298
22-08-30-000,3337,17.45428604620006,78.45509137959112,489.2621418388833
16-32-48-000,3338,17.531975060331078,78.34152877280808,490.78101509211206
00-43-15-000,3339,17.361303329442116,78.43399952524467,492.6291997462323
13-45-30-000,3340,17.502684410037386,78.28288958851618,489.33217119838724
10-28-22-000,3341,17.465962097487544,78.35255424849693,493.4208234859801
20-12-36-000,3342,17.535713488872283,78.36880890021253,491.30954953790547
05-01-51-000,3343,17.46042035006164,78.42932365536404,488.86837589292793
19-50-46-000,3344,17.460274463601284,78.33087327704196,488.86703896586897
13-43-03-000,3345,17.465006945733997,78.42671632465449,493.461687345965
18-34-25-000,3346,17.451182983391767,78.31451569019522,488.5091869749486
19-59-03-000,3347,17.508941250361154,78.26030254848189,490.08199690221164
13-40-29-000,3348,17.456313016787522,78.32033600029395,489.0387797131606
06-57-01-000,3349,17.47464199385148,78.32976214955058,490.71775959263016
17-28-33-000,3350,17.360469936366023,78.45092540529993,487.4888875614347
06-42-46-000,3351,17.45626670408989,78.4433120027831,489.1453395381819
13-58-30-000,3352,17.3512380573501,78.46545941283334,491.49033264280905
07-14-27-000,3353,17.50100266938929,78.28187012372685,493.4429046552736
13-47-15-000,3354,17.476456491289884,78.34932986547345,491.9743575042641
20-53-31-000,3355,17.45255487788641,78.4590683143666,494.1945188890127
18-31-57-000,3356,17.33786681980494,78.45069937402921,490.30102971644897
19-09-08-000,3357,17.533132642234015,78.3503651072871,488.66465363203037
08-19-05-000,3358,17.449848868732005,78.44563831368137,489.0354602809335
11-17-50-000,3359,17.547645909776534,78.37433837407283,489.7639207644101
18-15-47-000,3360,17.36117690984606,78.46214143627934,489.94068585330996
05-53-12-000,3361,17.36165961203258,78.4603564619019,488.8841559972733
05-23-47-000,3362,17.536667298465606,78.36940357261139,489.2270664888364
11-24-35-000,3363,17.355706596793034,78.44883728602233,489.43442740705746
14-33-05-000,3364,17.53885630020662,78.34155201942086,489.1372129655055
11-26-23-000,3365,17.455554609652218,78.4444932264622,491.39402082993035
23-55-36-000,3366,17.342175791944527,78.46344708195278,488.2682390010228
02-26-26-000,3367,17.448156654406315,78.44583886707052,488.05443510385675
09-44-53-000,3368,17.34040641008073,78.44545851830092,495.6310107592947
02-40-11-000,3369,17.530966886913976,78.17228249681035,488.2178906427663
08-47-51-000,3370,17.536763828039863,78.34406169035199,491.16517855246286
04-08-27-000,3371,17.53799711162606,78.34217617088161,490.16808483548397
20-18-20-000,3372,17.536548283234367,78.17323969025078,490.6866337815412
01-41-45-000,3373,17.342169973538557,78.45793616385208,491.6228110326824
19-36-56-000,3374,17.453884382888337,78.33299193172837,491.7347610537602
07-07-13-000,3375,17.46177666079634,78.33318516787966,492.63699353002835
23-49-01-000,3376,17.463376543199985,78.3543541528171,486.1097008977937
14-52-33-000,3377,17.34325272893679,78.45946796524026,491.90227726731894
22-32-53-000,3378,17.367611247462683,78.46158940866137,494.62581971425476
04-02-33-000,3379,17.522014752116924,78.26250702521402,492.3602973272463
06-45-52-000,3380,17.534960982349986,78.3555882971667,491.42518989423746
00-48-55-000,3381,17.347885944748658,78.4712904968256,491.9905225605955
19-22-02-000,3382,17.45187941555935,78.31957074379308,491.92078722229195
19-53-37-000,3383,17.55650994031006,78.35730099137675,488.855913131488
13-58-05-000,3384,17.467072133472698,78.3489794524862,486.8148549243901
03-59-18-000,3385,17.471374904741175,78.44394619806262,489.2108984058954
17-32-47-000,3386,17.433720548961457,78.32992397053009,488.2617929890541
20-25-37-000,3387,17.465382601051743,78.44189079201203,487.47190413276155
04-12-36-000,3388,17.35769674612246,78.45773757583504,490.1709852981635
03-52-14-000,3389,17.525758685311608,78.17495336451977,488.8647872947827
18-24-43-000,3390,17.4665540525268,78.43948169078092,492.72148430645353
23-14-57-000,3391,17.54302322242036,78.3559732231558,490.7698546160856
01-22-09-000,3392,17.527534781953204,78.2585760546973,492.8570671852192
05-54-51-000,3393,17.467782723931407,78.44632129153567,489.3033448779572
11-23-34-000,3394,17.345450719892842,78.46266185604809,491.10326831153446
17-06-58-000,3395,17.53766893355986,78.16386577243202,491.8157282052883
12-13-31-000,3396,17.51018975650083,78.17921691609845,491.5103460759889
20-31-17-000,3397,17.466393985881517,78.3576243726699,490.57880164192943
19-59-52-000,3398,17.46669853654825,78.32218899577343,490.6583312219096
20-36-12-000,3399,17.44498986347996,78.32053855838312,492.624450755498
08-05-23-000,3400,17.44186885572976,78.34239918958221,488.06659257721554
03-35-52-000,3401,17.52696136001833,78.25914192222262,487.6304543731661
22-24-17-000,3402,17.53888568151483,78.17907296231228,486.369577289221
03-02-15-000,3403,17.524787128310447,78.28421634125692,498.37827194184047
19-39-24-000,3404,17.466714451557714,78.33044665863663,492.6575718301964
10-49-36-000,3405,17.537804961672393,78.27117497257933,491.54745990624446
15-10-02-000,3406,17.514559459569245,78.27376993619914,490.59813837744576
18-38-19-000,3407,17.50629826197378,78.24671844779819,488.64915620932334
22-12-01-000,3408,17.35963017721065,78.42871644171225,489.64164661218035
18-10-51-000,3409,17.461473806087294,78.33050919213194,493.7173111795503
23-13-11-000,3410,17.34614439373032,78.44089827035202,488.79415886223364
19-13-30-000,3411,17.466298779986417,78.34064083257623,489.55602562418613
04-58-05-000,3412,17.539630378279856,78.36417397015055,491.10051568431163
19-36-09-000,3413,17.540916348981757,78.35515102353786,487.42113000031884
12-45-54-000,3414,17.55071630410757,78.34421730317791,492.2213213976082
12-22-35-000,3415,17.432373459203625,78.4424440035844,485.7479256124567
19-39-18-000,3416,17.525308510927324,78.27948907420863,485.4746979329537
15-41-26-000,3417,17.335671110584048,78.4586639465935,493.07072257071763
04-09-02-000,3418,17.51782969039102,78.1746180446,492.56198843898636
11-05-23-000,3419,17.454993133693993,78.33616110076409,492.38874622975607
08-01-52-000,3420,17.535467373949093,78.16210636785219,491.72327642224116
06-12-31-000,3421,17.520156133645255,78.17324983199444,491.8883874987051
14-16-40-000,3422,17.529847993439454,78.17921984028466,491.7782358865758
22-01-29-000,3423,17.450874685076386,78.33809237821337,490.49588345011904
04-49-05-000,3424,17.460388807176912,78.44883900095054,488.90730510052896
09-35-25-000,3425,17.36315446770691,78.45361364496362,487.8459636535728
07-50-12-000,3426,17.342512410815647,78.45252768565192,489.265376933402
09-56-04-000,3427,17.541250221352527,78.3580985261688,489.80463521527753
14-53-28-000,3428,17.522127892802075,78.16858060607748,488.78468357740553
12-56-12-000,3429,17.454147222059493,78.44219877861785,489.51810645960927
10-24-30-000,3430,17.557307177294618,78.34670662473792,494.05777336428514
16-53-16-000,3431,17.533173256363686,78.3651109672593,487.267326646161
11-59-17-000,3432,17.520869893602985,78.3455355952602,489.60691761503256
17-09-20-000,3433,17.467117435745248,78.32966450937529,491.44951379376903
21-08-49-000,3434,17.472198915413852,78.43707597222925,493.0971230071216
19-23-20-000,3435,17.51754481870985,78.28595273144789,489.265864830661
02-12-29-000,3436,17.463478205323614,78.33249107842097,488.4485207843878
08-39-34-000,3437,17.531752262550057,78.35809262614833,491.0391884502982
19-10-16-000,3438,17.513475829963276,78.27221503499116,492.760410830309
14-36-04-000,3439,17.523282199844218,78.18719965856619,493.68361954707984
19-09-08-000,3440,17.445094338203358,78.43331911400335,490.56852420549836
06-46-34-000,3441,17.456562924659206,78.44713781130567,487.57805697223444
16-46-00-000,3442,17.52203361179676,78.35351068168376,498.4868420008713
16-44-44-000,3443,17.519557608340648,78.27724067647162,489.7289508312692
13-12-12-000,3444,17.52271604017436,78.27601063934291,489.14040424578303
18-03-14-000,3445,17.46357835603097,78.43552100638284,492.5272277786051
08-08-17-000,3446,17.522047403528287,78.28334381793739,489.16440430936944
09-27-44-000,3447,17.53960195096563,78.18117757739829,491.78256188727073
19-09-24-000,3448,17.36763118199566,78.43228957260997,491.9967127805783
11-52-41-000,3449,17.53037672352625,78.18322220365702,491.89365145507145
06-18-55-000,3450,17.360230465326772,78.45244877775583,493.7472136035853
06-01-24-000,3451,17.502571716543763,78.25967672191497,495.7152845703574
15-40-24-000,3452,17.4650764678534,78.33756585644642,490.9238071127807
02-41-48-000,3453,17.451122595891274,78.35339170394256,493.82830242236355
12-39-20-000,3454,17.505666881320206,78.28931388424394,491.3095632873181
03-41-53-000,3455,17.355468284919016,78.44683785724132,492.3022044863794
07-26-48-000,3456,17.345934013845994,78.44110685192702,492.6129388814621
08-57-26-000,3457,17.532076320139996,78.28361794316166,494.3741968594189
16-08-53-000,3458,17.443035159151776,78.3514455507648,492.53633314114194
02-43-39-000,3459,17.451958556552526,78.3459679587569,489.92993591719886
02-35-40-000,3460,17.355452129873377,78.44716529874485,492.0338550148577
23-29-56-000,3461,17.52900801141745,78.35910199496595,490.52323592813065
00-37-07-000,3462,17.47325035505464,78.31417082845172,491.2047161352111
21-25-03-000,3463,17.351006556936746,78.44046263850683,486.3905040535048
09-49-17-000,3464,17.53672896046128,78.3515896633391,487.70001014597176
22-09-24-000,3465,17.46906756974044,78.33435731605081,492.47662149693014
05-43-03-000,3466,17.562522366408867,78.35205192535503,489.1509597805386
03-43-46-000,3467,17.50045949365395,78.27982500475918,492.4507510091485
22-49-57-000,3468,17.50984663135716,78.27122363983628,491.85954338686423
13-31-55-000,3469,17.51399717223444,78.27580192589686,486.42170927291045
17-52-36-000,3470,17.51129559364643,78.2751406735186,490.5321511672832
21-27-03-000,3471,17.447776829498466,78.33508122454509,495.2630546779714
14-56-32-000,3472,17.506614405640743,78.29419803462851,491.5134788564011
20-17-34-000,3473,17.445155716644567,78.44625518477537,489.55604421452114
06-36-41-000,3474,17.5069576730315,78.25507079562242,492.7109983384904
23-50-25-000,3475,17.460264509555177,78.45998895325525,491.3230051682636
09-43-54-000,3476,17.539854809574074,78.36019213905546,488.44022481002247
20-11-31-000,3477,17.529157958144516,78.1768340113003,493.10851700350486
21-02-29-000,3478,17.543259849846258,78.36155268288618,491.3836791182267
09-44-30-000,3479,17.540898626868856,78.36679637246883,487.6688684813542
17-58-43-000,3480,17.357868100688666,78.46557341953194,485.865051447326
10-13-42-000,3481,17.538867689285755,78.36732543396033,493.6143944189562
00-41-43-000,3482,17.454863093995133,78.44071369176054,492.2143322606668
02-50-39-000,3483,17.473135330155813,78.32089861385076,487.5885593366802
11-29-08-000,3484,17.456506593819487,78.44895327777695,496.16941428247736
08-36-33-000,3485,17.541736222904916,78.34923152229308,489.73276967408066
10-47-58-000,3486,17.53864510322783,78.29014351759375,487.24103172081226
20-29-59-000,3487,17.51352247727157,78.16671920366115,494.6485244966217
16-33-10-000,3488,17.520155506043682,78.17449631861956,489.82574226340944
02-09-34-000,3489,17.50596510753713,78.27090021596028,489.3190878829349
18-44-03-000,3490,17.46853896363486,78.34389603334829,492.34749704810594
09-18-53-000,3491,17.452081181815068,78.33451699844883,492.42714365935876
10-49-18-000,3492,17.54715922066541,78.35833815286458,491.71451934495855
16-15-24-000,3493,17.470260421454547,78.32536299274102,486.28670022956067
17-15-02-000,3494,17.45925892630972,78.43925172141192,491.9800482061686
11-06-00-000,3495,17.548184460112957,78.34728321646422,487.46831875930513
22-41-35-000,3496,17.46317816970248,78.32608905936551,489.63779550160007
21-16-31-000,3497,17.531505519302016,78.35736319761502,492.67659824461083
02-36-25-000,3498,17.35273200714656,78.45867710950164,488.98586636776264
10-02-28-000,3499,17.529960708932386,78.35680854972671,494.65584615042366
04-21-03-000,3500,17.54197355229376,78.37039886124747,491.4669496332393
12-12-48-000,3501,17.526943628511752,78.17356406450773,489.78042897428014
22-10-10-000,3502,17.464076919252793,78.3313058306581,490.39114222992316
17-26-08-000,3503,17.533205239400935,78.17720039396497,496.32119630386086
05-00-16-000,3504,17.476328436219422,78.3436760411175,493.0426062433357
10-30-43-000,3505,17.469459575280887,78.44357477917751,491.9797408561721
12-08-37-000,3506,17.543848060751095,78.18339946647241,490.37054479307847
03-28-03-000,3507,17.346590191760896,78.44643108863106,495.1340226253434
00-03-11-000,3508,17.523109010731737,78.28203537429546,488.44833805164274
05-21-27-000,3509,17.54582283202726,78.3682916402023,490.90554835813674
12-05-00-000,3510,17.474911096222637,78.33492956985219,489.3033914692188
06-23-40-000,3511,17.528189305840478,78.35655905762778,489.2176820392408
13-33-08-000,3512,17.503844187441906,78.25904797571751,487.1196895347696
16-15-11-000,3513,17.543943077453612,78.16976536823539,495.3170568019137
08-57-35-000,3514,17.47088639066056,78.32474548617733,489.13422744546864
19-43-39-000,3515,17.53403655810454,78.17192955604516,495.5112741050063
17-20-34-000,3516,17.52421279447931,78.27904957893308,485.0534160144363
02-42-01-000,3517,17.533707285034072,78.16535533626092,491.3344306063084
20-49-24-000,3518,17.525208035192573,78.26114676099961,491.67101263057253
13-58-28-000,3519,17.466429896096198,78.33071551322544,486.28990210455623
16-57-17-000,3520,17.521515474676878,78.28239985137549,492.65785758899557
17-08-21-000,3521,17.33271674571005,78.45865479952617,491.16041410746584
16-17-21-000,3522,17.53307824248029,78.28991877086554,492.493236291719
00-40-50-000,3523,17.463844150710745,78.3408660563256,489.4013949402957
11-24-51-000,3524,17.53633238979325,78.37807620370452,491.4316274879868
19-59-29-000,3525,17.538887997280344,78.15858164902501,491.218332445687
15-49-13-000,3526,17.518884094973824,78.16348820142703,489.28361978175593
08-08-43-000,3527,17.521747436984754,78.15938967280627,492.0029631188714
14-07-35-000,3528,17.45418853948527,78.33365643603761,488.7227601216143
22-04-41-000,3529,17.506224070125846,78.29187658040358,489.1229218124809
22-07-11-000,3530,17.558854597953584,78.3618288147739,491.04006802664344
11-13-41-000,3531,17.52562258434425,78.3670231138387,491.1466325715734
18-01-05-000,3532,17.46118665706588,78.32457288970478,490.1677743274641
21-08-57-000,3533,17.52438562873019,78.16921470814991,483.5350899140347
02-04-49-000,3534,17.462350633124156,78.34206291835599,492.27265226060183
11-47-48-000,3535,17.444732622441837,78.46505780957281,491.21072196803107
22-07-05-000,3536,17.545803012183978,78.36590088940356,489.4091697080076
01-29-04-000,3537,17.51566133682758,78.18647129760447,486.29824964578745
14-39-35-000,3538,17.53810550575627,78.36026818238403,492.07351789620435
02-08-24-000,3539,17.51677441944741,78.2892322019504,488.10450326748577
07-53-43-000,3540,17.54456358546504,78.35127496543352,484.7177582187387
02-04-56-000,3541,17.512645091301216,78.18146428728681,487.4493108507761
04-12-02-000,3542,17.532971229624028,78.18171130421122,489.40009409318435
19-06-36-000,3543,17.484660620589413,78.32793449776585,489.83215731084175
00-17-53-000,3544,17.452671383905432,78.33642878663395,488.9444840780555
08-23-45-000,3545,17.51614469840614,78.19211533084592,488.90570915672555
05-45-13-000,3546,17.352316211872296,78.45108510340825,487.6049938493151
01-50-12-000,3547,17.46390537618698,78.45758086863418,487.9576105679334
17-31-40-000,3548,17.511900090171757,78.27257252159961,489.5003708182921
02-11-35-000,3549,17.353199343484857,78.4545143589531,486.9680083875681
15-58-46-000,3550,17.459728526497543,78.43607807075884,488.52508077844954
23-15-58-000,3551,17.46684890353633,78.44502224531078,489.27677631781785
16-11-30-000,3552,17.45146950296858,78.43724012012626,491.5609599812068
07-26-13-000,3553,17.45145514360168,78.4459974183096,491.8750707778877
07-39-29-000,3554,17.530901386339394,78.18356337269516,486.94562064734436
08-43-34-000,3555,17.502581365042598,78.27858247430251,491.14989715255314
00-19-45-000,3556,17.465723976678856,78.33826894010447,488.6258718873579
00-15-45-000,3557,17.538046654065067,78.35810308713127,495.7319704233826
16-53-06-000,3558,17.497764137286037,78.2778392556348,491.73725450950457
13-27-19-000,3559,17.510850279158344,78.25785196749587,492.95082406126335
16-13-36-000,3560,17.459487190335103,78.34179151079903,487.48040947414864
08-33-37-000,3561,17.34192593894098,78.4562548772688,491.4238853362591
05-05-05-000,3562,17.513043058719035,78.26605739981139,487.6777361271845
17-53-18-000,3563,17.45326235780634,78.45122255112108,489.9578844061991
00-58-07-000,3564,17.337264514468878,78.4560163103325,489.9126711442077
15-11-54-000,3565,17.498593135122068,78.2796677276884,492.52437844846145
17-26-32-000,3566,17.4843376641033,78.32536214342457,489.6868006720486
15-19-31-000,3567,17.35307953848915,78.46651169957588,491.8989083779651
21-58-53-000,3568,17.46460387195248,78.45447126933382,490.12941538804876
18-45-41-000,3569,17.53766752012693,78.18452459830623,485.4177083973215
19-05-56-000,3570,17.450299307111806,78.45367393054089,493.95500113749944
10-56-48-000,3571,17.523159189412603,78.35832258233692,496.41164500205554
17-19-01-000,3572,17.445070544536524,78.33813590635276,491.5256583559497
01-16-32-000,3573,17.465996226725437,78.3494334575361,487.1112966898678
12-01-18-000,3574,17.521237470408558,78.35191681423282,491.25765987248457
13-51-57-000,3575,17.34619495425231,78.44768553826232,490.99536121847024
15-52-54-000,3576,17.51952474788578,78.28204682839129,489.872798009049
05-20-04-000,3577,17.512997691324678,78.29616120171424,489.18626215417294
20-10-39-000,3578,17.537127820366287,78.36055730115326,487.2406949628544
00-16-40-000,3579,17.522697140029706,78.29394535891119,489.92958298872156
00-00-34-000,3580,17.520151375710764,78.27960215429624,489.4878776959292
00-06-16-000,3581,17.46844158622248,78.34012210913725,485.69597111855916
05-25-07-000,3582,17.35427486510143,78.4418586595195,491.0552184374345
17-52-09-000,3583,17.521050935977268,78.2906770435021,493.39056169661364
02-47-55-000,3584,17.527325908651985,78.36768798080797,486.2104549917589
06-53-46-000,3585,17.5276314481514,78.27160452272746,492.159847757389
02-35-35-000,3586,17.54007365875973,78.3536480200223,489.0266338585142
17-13-01-000,3587,17.33818043435687,78.45921092768432,491.32618872015735
01-17-17-000,3588,17.533489452457616,78.17787359583929,486.1715697186231
12-38-51-000,3589,17.523215431819846,78.19821154682961,490.2901641934875
23-32-42-000,3590,17.452192451334952,78.44226945995023,490.544533372182
23-42-19-000,3591,17.45241435019316,78.44980486301031,491.75136463614547
13-33-00-000,3592,17.450732633339225,78.46628602506472,489.28010363153624
18-09-11-000,3593,17.471953978452326,78.44902420617005,491.6292486845418
14-16-29-000,3594,17.35343214932567,78.47193465402957,487.62345445110793
03-48-56-000,3595,17.459271251487433,78.34231094901241,490.4508526002333
13-53-43-000,3596,17.51647618951164,78.26121261703663,490.14049709146894
03-45-56-000,3597,17.523520290984056,78.28020373479973,487.7399654245846
19-09-20-000,3598,17.46596842422438,78.32982482890843,490.3074809428961
12-02-36-000,3599,17.539627283298998,78.3468530825764,492.85615952436063
20-28-52-000,3600,17.514739462067308,78.2693178676359,489.3431653403064
19-09-21-000,3601,17.54241454380006,78.36425586480205,489.10568953073556
14-49-03-000,3602,17.536941947613357,78.26548266998165,490.9301190031356
13-32-34-000,3603,17.463969015550138,78.46652995115147,493.43605417769555
16-36-30-000,3604,17.55063949598154,78.16827383399915,492.02503254547656
18-37-56-000,3605,17.54666597332705,78.35402006885899,489.72519129016666
22-28-06-000,3606,17.344332549285486,78.46474147711136,486.27250798513256
21-55-07-000,3607,17.537036116297887,78.35201936286659,487.9734861796056
14-29-06-000,3608,17.346077406343596,78.44992974630134,489.7385567803562
22-22-38-000,3609,17.474701302781344,78.44114370581613,485.2230674835359
18-58-34-000,3610,17.474014095950714,78.43214518120325,487.05410497207174
12-51-53-000,3611,17.512871632536566,78.1686682448724,488.94760047599976
03-09-41-000,3612,17.479046321073202,78.45017822719251,490.17912918686386
16-55-37-000,3613,17.54582169956677,78.34016431590616,493.87184944299577
00-37-33-000,3614,17.516001346133777,78.28038894903916,490.1720924421943
23-39-56-000,3615,17.474324929480098,78.33064066457467,491.6588603839612
04-37-43-000,3616,17.453182821741386,78.32895781607188,485.9552663774993
03-50-22-000,3617,17.456031341128288,78.43222634929454,489.6148285985541
10-49-21-000,3618,17.34897576596408,78.46295428980048,489.4012889408657
07-36-04-000,3619,17.516043498808667,78.26644051832021,488.0777295915833
22-48-07-000,3620,17.467676291631552,78.33932899849867,491.7071829578453
09-27-28-000,3621,17.45508930223951,78.42957430535502,487.2385509143277
10-23-44-000,3622,17.333150961430942,78.45501975123253,488.1085321455244
12-54-18-000,3623,17.549390730658434,78.34072542531162,492.5076780918841
01-31-26-000,3624,17.473940431368913,78.43312792164691,491.9548480615049
10-24-25-000,3625,17.54682074956854,78.35788508266604,490.5120946329833
09-47-47-000,3626,17.535294608393055,78.17310503997352,486.75589473746174
02-07-04-000,3627,17.533654709468898,78.35962202411646,493.40929469578276
09-45-31-000,3628,17.49969158899188,78.26894145281418,488.46401866936753
01-30-08-000,3629,17.4561151809074,78.44319616842631,491.1889349667898
01-41-19-000,3630,17.535679687377367,78.34580245934124,493.4565427488459
20-00-53-000,3631,17.55589451703151,78.34838334094252,490.3502057638998
01-25-27-000,3632,17.46906417346602,78.43379698648322,489.21787948710335
16-02-58-000,3633,17.521161054639386,78.26346048168439,488.20721442811214
04-01-05-000,3634,17.459551592249227,78.44360025367335,490.4930147204678
16-16-09-000,3635,17.54111404162273,78.35010372344405,493.982016451198
01-46-51-000,3636,17.547735276033162,78.35737216567972,491.11094070503685
21-13-59-000,3637,17.4661629712393,78.32313519587619,494.71822948255567
09-01-05-000,3638,17.46209841953951,78.35462943806188,495.47552193093696
21-05-28-000,3639,17.52314070691628,78.34694582993237,488.34846381880425
09-55-39-000,3640,17.526801202889644,78.1691713028125,491.54196883902586
11-30-39-000,3641,17.477536679944414,78.32171810647233,486.2074473857784
09-29-57-000,3642,17.515949815101774,78.2752587733114,490.55145040444717
15-37-21-000,3643,17.529791535732354,78.35526114958786,489.8379059277564
23-16-48-000,3644,17.454387047112565,78.43893035145186,491.06515831488986
05-55-40-000,3645,17.515043581452282,78.27304812041534,492.20265342994145
15-18-00-000,3646,17.446235124666565,78.43410507198918,493.8098307713337
19-55-07-000,3647,17.528651156491595,78.16980893918807,488.322952492792
05-24-35-000,3648,17.46946841508644,78.44320853124236,488.5938849761916
11-26-22-000,3649,17.542002555525062,78.18935165530687,493.05632975120847
15-47-47-000,3650,17.457292580170147,78.42232915332755,492.0607877832229
03-00-39-000,3651,17.525937069127025,78.19039821161624,492.4860461036465
18-20-34-000,3652,17.528235231739366,78.35335982569936,490.0104644273432
03-44-12-000,3653,17.47190172932554,78.3383428787866,484.18423675331854
19-09-17-000,3654,17.442795749908758,78.45452641708242,489.66013676694007
04-30-25-000,3655,17.518896004244652,78.17146163144676,488.31054371896187
11-58-11-000,3656,17.436941986396015,78.3288750435721,491.9183411224076
15-23-48-000,3657,17.357107522929326,78.43861220204813,493.2313541175989
04-07-17-000,3658,17.460380845022843,78.36027446982693,491.0559459736471
09-36-10-000,3659,17.34516707425849,78.45071475436386,487.96966521424537
21-08-50-000,3660,17.450613190817695,78.429580486119,491.9749339001354
23-35-31-000,3661,17.468816052124918,78.42213142888134,494.4347752450998
04-51-52-000,3662,17.34540953173892,78.46056205279535,484.7093511557492
22-45-06-000,3663,17.347533388715405,78.46798715177685,487.9960712020931
19-00-23-000,3664,17.533844807373047,78.37027564108796,491.3497150225698
19-33-09-000,3665,17.56077562002603,78.36162742462783,490.18271293647183
09-58-26-000,3666,17.358117674636826,78.45547663203375,489.90898787983923
01-13-54-000,3667,17.455448987819064,78.44611737704264,487.8697926712491
01-25-59-000,3668,17.47612704744999,78.45489730695652,493.01938346164513
05-42-54-000,3669,17.51363455437176,78.2759364334392,487.5864589310371
02-54-52-000,3670,17.524044422835402,78.15753978722887,492.9012036147818
13-25-19-000,3671,17.450129577561274,78.3387096779001,492.8494397844811
22-01-23-000,3672,17.45609240485655,78.44422013415237,497.8319918717978
14-20-58-000,3673,17.527758051655837,78.27744355760575,493.03372685263383
07-48-19-000,3674,17.448150378950114,78.33622469619718,490.021565093668
14-33-06-000,3675,17.537711100218004,78.36890223062036,495.3397873783329
05-06-30-000,3676,17.521087386428814,78.2788891546548,492.79772559186114
10-43-11-000,3677,17.5419072552698,78.37159424032997,488.85960335843123
09-41-55-000,3678,17.51990736035461,78.26375955491137,486.34610081253385
20-18-08-000,3679,17.439954881176806,78.33364579053168,489.29968378317767
23-10-33-000,3680,17.53798775739146,78.27942906730009,489.633216159202
13-59-09-000,3681,17.5349625892955,78.1913733486491,488.20815944173245
16-15-58-000,3682,17.345439960378,78.44898068310151,490.52067577733027
10-52-26-000,3683,17.52736315614369,78.27970534091979,489.8964704265209
20-54-50-000,3684,17.503607996078347,78.26894104348467,495.31040772392447
19-08-16-000,3685,17.35846540640275,78.46275725461149,492.22842402069205
21-19-00-000,3686,17.46085611936708,78.33263326227397,489.13939589279994
05-09-12-000,3687,17.45697175940236,78.33786067111488,491.608883252049
21-22-49-000,3688,17.460624257711476,78.33998084075651,488.9635463041772
22-30-56-000,3689,17.506346578783603,78.27150410280062,488.85847422923786
14-38-12-000,3690,17.441059836773313,78.44079653135171,490.00992512393805
04-57-30-000,3691,17.550822231455076,78.37772464395363,489.1516833883367
15-14-17-000,3692,17.51075276730842,78.27580021706268,491.6956791831005
03-42-45-000,3693,17.521312457421363,78.36299997412848,491.8582964040647
14-18-13-000,3694,17.538711221935934,78.17406132871064,495.8187430856062
13-07-05-000,3695,17.35216662460252,78.45103958296335,491.0030284769564
03-09-48-000,3696,17.470341304240332,78.44616564650299,490.12874663504414
12-53-23-000,3697,17.521502359467092,78.1527499267337,491.8734630496678
12-27-04-000,3698,17.346032425499207,78.47093659060887,489.72950960879575
07-31-23-000,3699,17.50349493324249,78.26622654269777,489.9951547035715
11-16-13-000,3700,17.51480418579625,78.18269798727506,491.60699633744764
20-39-58-000,3701,17.545482745497146,78.33965395428358,490.52369848722986
09-34-22-000,3702,17.45043269373112,78.33825267091981,490.74348187478824
02-51-37-000,3703,17.456531122801263,78.34643132777435,491.1680551665539
23-31-19-000,3704,17.524207347670238,78.27070320815172,488.8020628510011
09-40-53-000,3705,17.34786620902952,78.44115384687498,493.31380586120923
16-20-17-000,3706,17.461802319410165,78.4405648537046,487.9378620366448
10-02-03-000,3707,17.525986457979364,78.27403007959104,489.78034292191285
01-15-10-000,3708,17.516882135431366,78.28320905816733,491.05492980740667
11-24-11-000,3709,17.453366387289943,78.328907404396,492.6506867116489
05-45-03-000,3710,17.52573730954606,78.27130327672909,490.75572283191264
09-32-24-000,3711,17.339056543406528,78.45015136927063,491.27308470414994
15-28-29-000,3712,17.55363643546062,78.35792392830929,487.35813123485485
03-32-19-000,3713,17.355874036235758,78.45448567893922,492.26196165475227
17-07-28-000,3714,17.44812998551459,78.33218516224588,491.15432784338856
08-47-02-000,3715,17.52765263364464,78.27871976100913,487.8051446621762
13-02-26-000,3716,17.469459289516276,78.43665881513166,491.9543324174982
08-32-15-000,3717,17.546489544459295,78.16776602370744,490.6585964861846
04-37-34-000,3718,17.452146773559523,78.33885140995766,488.71295754516603
16-27-12-000,3719,17.541951373447528,78.36092079316458,487.3200844597261
15-05-35-000,3720,17.349596396753984,78.46440236196302,492.3464888051501
01-01-38-000,3721,17.54945013544273,78.35383829895483,486.8345702398316
20-56-45-000,3722,17.32830455319793,78.45170997574105,494.44361240952367
18-20-02-000,3723,17.35380863006712,78.45704149704713,494.91819211823815
02-44-50-000,3724,17.454367358777517,78.43699474595395,490.4419054892076
13-34-13-000,3725,17.460319356031672,78.32951037331178,491.98062461540786
01-59-51-000,3726,17.460759465253155,78.44701404482753,488.19180483356234
15-27-31-000,3727,17.542248891052736,78.35269173294616,488.23895817301207
02-09-38-000,3728,17.510906528115836,78.26914414352265,492.7754962814535
07-32-28-000,3729,17.537650511910783,78.19880747823854,495.0778601068251
03-16-53-000,3730,17.457507016949023,78.44152724146839,496.0061840175797
16-27-03-000,3731,17.45989131094098,78.41968018202313,489.1871457084161
00-21-30-000,3732,17.514821304169754,78.26809185946425,488.38379741845705
08-44-35-000,3733,17.511111114984995,78.18052484633365,491.7269248732591
15-20-38-000,3734,17.460459914358243,78.35559635486538,491.7865957481014
09-46-16-000,3735,17.35273411621006,78.44617974486711,491.106903634586
14-39-37-000,3736,17.525835114523254,78.16338044581629,493.90722805617537
16-40-06-000,3737,17.52496023799349,78.16654035608231,491.0508118467499
22-00-21-000,3738,17.441992232523347,78.44367859233624,487.34980768406797
19-08-56-000,3739,17.53644944508214,78.18659562950047,489.0270245155524
04-38-38-000,3740,17.474011354353312,78.35482009651017,488.31875762625066
06-03-25-000,3741,17.455099552851664,78.42580101828014,490.85464776851
20-28-10-000,3742,17.371812614038046,78.45990136484774,490.0929645840775
09-58-21-000,3743,17.51352111616134,78.27586959203107,493.1972962992994
02-34-17-000,3744,17.347502905805726,78.43971236587923,490.48257028273235
00-00-59-000,3745,17.523948230451207,78.17865088478824,488.57528921071014
18-01-12-000,3746,17.547448681877547,78.3534539199827,493.15060168922116
21-33-17-000,3747,17.468462781201406,78.34339582999948,488.05212173359115
10-00-03-000,3748,17.531186822141777,78.17847279143704,488.13810818218224
17-01-08-000,3749,17.547863076941777,78.17236593576463,492.97254151476295
09-30-51-000,3750,17.509288587705353,78.18073326219626,490.54812725149947
11-21-38-000,3751,17.52181297242647,78.29026548912604,495.6849436402676
09-08-07-000,3752,17.51279492898336,78.28009846322193,488.72378195093023
08-37-33-000,3753,17.51914229040472,78.17845106000632,492.892374868348
20-46-48-000,3754,17.45930339271049,78.4589046768341,491.18599232364346
16-58-19-000,3755,17.52561573993622,78.36201647654778,492.2543354527155
07-41-23-000,3756,17.467475784037127,78.4514381418434,493.178771542682
22-15-27-000,3757,17.449254181759784,78.45431115763948,490.8659311318102
00-45-37-000,3758,17.458975322371227,78.34355542292806,489.85626267733306
18-28-18-000,3759,17.52102900979106,78.15574205072213,487.88419528611223
20-46-51-000,3760,17.3443340629096,78.4541013538355,492.11608812949896
04-24-25-000,3761,17.369156986945615,78.46317290928289,492.4458510339017
20-27-26-000,3762,17.459421238796132,78.33889413216362,487.17083397099697
07-58-43-000,3763,17.5413080875789,78.36104648014896,492.49290345147546
23-31-05-000,3764,17.362261463035306,78.45625640469287,491.58129467657847
01-27-52-000,3765,17.33651850870719,78.46257847138124,492.54187934136854
09-54-08-000,3766,17.45851695832361,78.42690617433861,485.2093590651564
23-34-15-000,3767,17.539112803976828,78.1780066586065,491.7190154805182
22-46-46-000,3768,17.362463395007158,78.4496409590837,495.49677333483896
18-39-41-000,3769,17.527704642200924,78.1748379742206,493.56012962671707
10-24-50-000,3770,17.505070757365385,78.26940548881518,493.3263170600463
13-23-49-000,3771,17.358514896578743,78.46935936448347,493.39634909701306
00-58-35-000,3772,17.35086228329348,78.46876053182713,494.6884923970528
05-04-20-000,3773,17.353182996996917,78.46842297435816,488.2329777751965
09-25-56-000,3774,17.53229968153691,78.1840876273685,491.9486718837207
09-53-19-000,3775,17.51893591694573,78.17953763740023,495.7223786231201
13-35-14-000,3776,17.540769423051923,78.35636218313248,488.80407159506177
22-36-39-000,3777,17.533830900728855,78.18236226831871,489.4091038178641
11-17-15-000,3778,17.527744416697555,78.17682238099523,487.13772212445565
00-27-15-000,3779,17.46192212451509,78.44187340330365,491.6854533700914
